{"data":[
  {
    "name":"一颗会开花的树",
    "img":"https://y.gtimg.cn/music/photo_new/T002R150x150M000001Qp10A3tDOIX.jpg?max_age=2592000",
    "songid":"105392885",
    "singer":"谢春花"
  },
  {
    "name":"下雨天",
    "img":"https://y.gtimg.cn/music/photo_new/T002R150x150M000001nd5rE0UOHo5.jpg?max_age=2592000",
    "songid":"102697748",
    "singer":"南拳妈妈"
  },
  {
    "name":"红绿灯",
    "img":"https://y.gtimg.cn/music/photo_new/T002R150x150M000004TQc7M3bsr39.jpg?max_age=2592000",
    "songid":"180229",
    "singer":"郑融"
  },
  {
    "name":"无侠",
    "img":"https://y.gtimg.cn/music/photo_new/T002R150x150M000002LvbBx02Ex0V.jpg?max_age=2592000",
    "songid":"200053517",
    "singer":"吉克隽逸"
  },
  {
    "name":"笑忘书",
    "img":"https://y.gtimg.cn/music/photo_new/T002R150x150M0000001WFLC3cqaQR.jpg?max_age=2592000",
    "songid":"14361",
    "singer":"王菲"
  },
  {
    "name":"7Years",
    "img":"https://y.gtimg.cn/music/photo_new/T002R150x150M000004H27Bf09dJlp.jpg?max_age=2592000",
    "songid":"104860670",
    "singer":"Lukas Graham"
  },
  {
    "name":"老伴",
    "img":"https://y.gtimg.cn/music/photo_new/T002R150x150M000004AhJHV3slLjN.jpg?max_age=2592000",
    "songid":"5016172",
    "singer":"李荣浩"
  },
  {
    "name":"走马",
    "img":"https://y.gtimg.cn/music/photo_new/T002R150x150M000004GArUe26PXvZ.jpg?max_age=2592000",
    "songid":"102068215",
    "singer":"陈粒"
  }
]}
